,City,Cloudiness,Country,Date,Humidity,Lat,Lng,Max Temp,Wind Speed
0,Saskylakh,100,RU,1581150795,94,71.92,114.08,-7.26,10.78
1,Atuona,0,PF,1581150796,76,-9.8,-139.03,80.96,19.28
2,Rikitea,100,PF,1581150798,78,-23.12,-134.97,78.15,15.5
3,Te Anau,49,NZ,1581150799,64,-45.42,167.72,45.01,2.01
4,Carnarvon,100,AU,1581150800,74,-24.87,113.63,84.2,16.11
5,Chipinge,100,ZW,1581150802,66,-20.19,32.62,79.66,3.11
6,Bronnoysund,93,NO,1581150803,100,65.46,12.2,33.8,4.7
7,Sakakah,12,SA,1581150804,28,29.97,40.21,57.2,23.04
8,Kapaa,1,US,1581150806,93,22.08,-159.32,64.99,6.93
9,Puerto Ayora,40,EC,1581150807,87,-0.74,-90.35,77.32,9.84
10,Bluff,75,NZ,1581150808,66,-46.6,168.33,51.01,14.0
11,Mataura,100,NZ,1581150810,66,-46.19,168.86,51.01,14.0
12,Salto,2,UY,1581150566,89,-31.38,-57.97,73.99,8.99
13,Sambava,0,MG,1581150812,42,-14.27,50.17,90.9,4.9
14,Union de San Antonio,0,MX,1581150814,46,21.1,-101.97,52.43,2.93
15,Muzhi,0,RU,1581150815,85,65.37,64.67,3.36,6.87
16,Kupang,40,ID,1581150816,83,-10.17,123.58,84.2,13.87
17,George Town,20,MY,1581150817,55,5.41,100.34,89.6,10.29
18,Chokurdakh,0,RU,1581150819,94,70.63,147.92,-34.24,3.0
19,Torbay,90,CA,1581150820,87,47.67,-52.73,46.0,31.09
20,Port Elizabeth,40,ZA,1581150571,78,-33.92,25.57,73.4,10.29
21,Carman,90,CA,1581150823,72,49.5,-98.0,14.0,3.36
22,Ushuaia,89,AR,1581150824,93,-54.8,-68.3,48.2,5.82
23,Grand Gaube,40,MU,1581150825,66,-20.01,57.66,86.0,9.17
24,Khatanga,0,RU,1581150827,93,71.97,102.5,-5.69,9.62
25,Hammerfest,75,NO,1581150828,93,70.66,23.68,39.2,35.57
26,Caravelas,100,BR,1581150830,81,-17.71,-39.25,78.19,7.02
27,Haemeenlinna,90,FI,1581150831,90,61.0,24.46,32.0,4.7
28,Barcelos,75,PT,1581150832,100,41.54,-8.62,53.6,3.36
29,Tura,11,IN,1581150833,38,25.52,90.22,78.01,10.2
30,Mulege,0,MX,1581150835,52,26.88,-111.98,59.11,0.34
31,Avarua,45,CK,1581150836,88,-21.21,-159.78,77.0,17.58
32,Salalah,0,OM,1581150837,54,17.02,54.09,78.8,10.29
33,Kjollefjord,100,NO,1581150839,96,70.95,27.35,38.21,24.65
34,Ponta do Sol,20,PT,1581150840,72,32.67,-17.1,62.6,2.24
35,Hilo,20,US,1581150841,82,19.73,-155.09,64.4,5.82
36,Altamira,100,BR,1581150843,99,-3.2,-52.21,72.14,2.35
37,Shintomi,20,JP,1581150844,40,32.08,131.47,53.6,19.46
38,Punta Arenas,0,CL,1581150845,70,-53.15,-70.92,46.4,3.36
39,Tessalit,100,ML,1581150847,14,20.2,1.01,71.74,23.38
40,Thompson,90,CA,1581150848,84,55.74,-97.86,-0.4,3.36
41,Jamestown,90,US,1581150849,92,42.1,-79.24,26.6,5.82
42,Atar,67,MR,1581150851,14,20.52,-13.05,70.97,9.53
43,East London,75,ZA,1581150852,88,-33.02,27.91,75.2,6.93
44,Bathsheba,20,BB,1581150853,73,13.22,-59.52,77.0,17.22
45,Qaanaaq,0,GL,1581150854,64,77.48,-69.36,-29.18,1.61
46,Albany,40,US,1581150602,62,42.6,-73.97,23.0,14.99
47,Faanui,100,PF,1581150857,82,-16.48,-151.75,82.09,21.47
48,Manacapuru,77,BR,1581150858,94,-3.3,-60.62,75.2,1.12
49,Tortoli,75,IT,1581150860,39,39.93,9.66,55.0,10.29
50,Quixere,6,BR,1581150861,92,-5.07,-37.99,73.92,4.43
51,Port Alfred,19,ZA,1581150862,99,-33.59,26.89,71.01,1.01
52,Lagoa,100,PT,1581150864,82,39.05,-27.98,60.85,27.07
53,Cherskiy,68,RU,1581150865,87,68.75,161.3,-35.43,0.54
54,Moyobamba,76,PE,1581150866,98,-6.05,-76.97,64.17,0.74
55,Vaini,75,TO,1581150867,88,-21.2,-175.2,80.6,9.17
56,Tiksi,0,RU,1581150869,68,71.69,128.87,-20.7,3.74
57,Hobart,75,AU,1581150856,63,-42.88,147.33,61.0,8.05
58,Saldanha,0,ZA,1581150872,82,-33.01,17.94,62.6,6.93
59,Hermanus,0,ZA,1581150873,68,-34.42,19.23,84.0,8.99
60,Butaritari,100,KI,1581150874,76,3.07,172.79,84.43,18.84
61,Busselton,0,AU,1581150876,37,-33.65,115.33,78.01,21.99
62,Gijang,0,KR,1581150586,26,35.24,129.21,46.4,11.41
63,Luqiao,100,CN,1581150878,80,28.58,121.38,53.01,13.27
64,Kisangani,75,CD,1581150879,78,0.52,25.2,80.6,4.7
65,Nikolskoye,90,RU,1581150881,86,59.7,30.79,28.99,4.47
66,Ambilobe,8,MG,1581150882,65,-13.2,49.05,85.91,7.02
67,Renfrew,75,GB,1581150587,80,55.87,-4.39,42.01,20.8
68,Blyth,20,GB,1581150819,86,55.13,-1.51,42.01,12.75
69,Mayskiy,54,RU,1581150886,84,47.69,40.1,8.6,8.95
70,Gusau,0,NG,1581150887,13,12.16,6.66,77.36,21.16
71,Winneba,61,GH,1581150889,88,5.35,-0.62,78.8,6.93
72,Sharanga,0,RU,1581150890,91,57.18,46.54,2.1,5.46
73,San Policarpo,34,PH,1581150891,83,12.18,125.51,80.38,6.93
74,Hithadhoo,20,MV,1581150892,80,-0.6,73.08,82.24,13.22
75,Arrondissement de Nogent-le-Rotrou,96,FR,1581150894,87,48.33,1.0,48.2,8.05
76,Clyde River,1,CA,1581150895,66,70.47,-68.59,-29.2,3.36
77,Monchegorsk,100,RU,1581150896,94,67.94,32.87,27.1,8.12
78,Manokwari,89,ID,1581150898,88,-0.87,134.08,74.71,7.87
79,Muriti,20,TZ,1581150899,78,-1.98,32.92,77.0,9.17
80,Phangnga,20,TH,1581150900,49,8.45,98.53,95.0,4.7
81,Brae,100,GB,1581150902,81,60.4,-1.35,46.4,29.97
82,Aklavik,75,CA,1581150903,73,68.22,-135.01,-32.8,2.24
83,Mahon,20,ES,1581150904,93,39.89,4.27,50.0,5.82
84,Tateyama,75,JP,1581150906,37,34.98,139.87,52.0,16.11
85,Dakar,80,SN,1581150666,68,14.69,-17.44,75.2,11.41
86,Eureka,75,US,1581150908,87,40.8,-124.16,48.99,2.06
87,Sol'-Iletsk,0,RU,1581150785,90,51.16,54.99,16.39,6.02
88,Leningradskiy,100,RU,1581150911,94,69.38,178.42,-18.76,21.07
89,Upernavik,74,GL,1581150912,96,72.79,-56.15,-25.69,10.96
90,Norman Wells,75,CA,1581150913,76,65.28,-126.83,-7.6,4.7
91,Inuvik,75,CA,1581150899,73,68.35,-133.72,-32.8,2.24
92,Treinta y Tres,42,UY,1581150721,98,-33.23,-54.38,68.76,3.58
93,Bowen,1,AU,1581150918,66,-20.02,148.23,86.0,8.05
94,Ribeira Grande,75,PT,1581150919,82,38.52,-28.7,60.8,17.22
95,Sergeevka,100,KZ,1581150920,100,53.88,67.42,34.9,11.12
96,Nanortalik,33,GL,1581150922,70,60.14,-45.24,24.26,43.93
97,Xai-Xai,12,MZ,1581150923,38,-25.05,33.64,97.43,4.21
98,Lebu,0,CL,1581150924,70,-37.62,-73.65,48.65,3.56
99,Bredasdorp,28,ZA,1581150926,88,-34.53,20.04,77.0,11.41
100,Mudgee,90,AU,1581150927,82,-32.59,149.59,68.0,8.05
101,Sibolga,100,ID,1581150929,92,1.74,98.78,76.68,1.34
102,Takoradze,67,GH,1581150930,68,4.88,-1.76,84.43,4.83
103,Kangaatsiaq,100,GL,1581150931,97,68.31,-53.46,10.04,30.11
104,Humaita,100,BR,1581150933,97,-7.51,-63.02,72.5,1.92
105,Kruisfontein,46,ZA,1581150934,68,-34.0,24.73,75.02,6.44
106,Morada Nova,83,BR,1581150935,95,-5.11,-38.37,73.26,2.93
107,Beisfjord,75,NO,1581150937,93,68.38,17.6,39.2,20.8
108,Severo-Kuril'sk,100,RU,1581150938,95,50.68,156.12,21.2,11.54
109,Nantucket,1,US,1581150939,50,41.28,-70.1,28.99,17.22
110,Alice Springs,0,AU,1581150940,13,-23.7,133.88,98.6,9.17
111,Tutoia,81,BR,1581150942,98,-2.76,-42.27,72.64,3.65
112,Praia da Vitoria,40,PT,1581150943,71,38.73,-27.07,57.2,23.58
113,Udachny,90,RU,1581150945,92,66.42,112.4,8.6,4.47
114,Razdolinsk,100,RU,1581150946,95,58.42,94.67,20.1,7.47
115,Hambantota,40,LK,1581150947,59,6.12,81.12,89.6,3.36
116,Neryungri,100,RU,1581150949,92,56.67,124.65,0.21,2.75
117,Porto-Novo,20,BJ,1581150775,61,6.5,2.6,78.8,4.7
118,Kiryat Gat,40,IL,1581150781,62,31.61,34.76,59.0,18.34
119,Cedar City,1,US,1581150938,69,37.68,-113.06,33.8,6.93
120,Cape Town,0,ZA,1581150954,47,-33.93,18.42,84.0,4.7
121,Ostrovnoy,80,RU,1581150955,95,68.05,39.51,18.36,9.26
122,Tanda,0,IN,1581150956,33,26.55,82.65,69.46,7.85
123,Kilindoni,67,TZ,1581150958,73,-7.91,39.67,82.83,12.59
124,Faya,0,SA,1581150959,68,18.39,42.45,69.8,11.41
125,Lorengau,100,PG,1581150960,78,-2.02,147.27,82.54,13.4
126,Castro,100,BR,1581150962,99,-24.79,-50.01,64.31,3.67
127,Andros Town,100,BS,1581150963,75,24.7,-77.77,71.01,12.75
128,Zadar,0,HR,1581150964,59,44.12,15.24,48.0,5.82
129,Cidreira,2,BR,1581150966,85,-30.18,-50.21,76.68,25.19
130,Iqaluit,5,CA,1581150967,67,63.75,-68.51,-27.0,3.36
131,Byron Bay,100,AU,1581150803,94,-28.65,153.62,75.2,9.17
132,Beringovskiy,17,RU,1581150969,83,63.05,179.32,-22.41,19.17
133,Sorland,90,NO,1581150971,93,67.67,12.69,41.0,18.34
134,Airai,100,TL,1581150972,90,-8.93,125.41,73.51,2.24
135,Hong Kong,40,HK,1581150974,68,22.29,114.16,66.99,8.05
136,Namatanai,100,PG,1581150975,79,-3.67,152.43,82.22,14.99
137,Bengkulu,100,ID,1581150976,96,-3.8,102.27,71.89,6.93
138,Howard Springs,75,AU,1581150978,59,-12.5,131.05,90.0,13.87
139,Suntar,100,RU,1581150979,93,62.14,117.63,16.23,6.04
140,Shache,0,CN,1581150980,26,38.42,77.24,43.45,3.94
141,Zhigalovo,100,RU,1581150982,90,54.81,105.16,21.9,4.03
142,Amapa,86,BR,1581150983,98,1.0,-52.0,68.5,2.01
143,Metro,57,ID,1581150985,65,-5.11,105.31,86.85,12.97
144,Egvekinot,100,RU,1581150986,94,66.32,-179.17,-17.27,12.84
145,Srednekolymsk,0,RU,1581150987,94,67.45,153.68,-38.11,4.0
146,High Level,90,CA,1581150988,100,58.52,-117.14,14.0,5.82
147,Vestmannaeyjar,100,IS,1581150990,60,63.44,-20.27,40.33,27.16
148,Sao Joao da Barra,3,BR,1581150991,87,-21.64,-41.05,75.7,7.23
149,Rura,0,IN,1581150992,35,26.48,79.9,68.68,8.25
150,Soe,98,ID,1581150994,86,-9.86,124.28,79.52,2.8
151,Khowst,0,AF,1581150996,13,33.38,69.88,56.97,4.38
152,Eidfjord,99,NO,1581150997,80,60.47,7.07,21.99,8.72
153,Itarema,90,BR,1581150998,97,-2.92,-39.92,73.44,3.44
154,Morondava,0,MG,1581150999,45,-20.28,44.28,94.42,3.65
155,Palmerston,75,AU,1581151001,59,-12.49,130.98,90.0,13.87
156,Tuktoyaktuk,27,CA,1581151002,98,69.45,-133.04,-30.64,6.87
157,Arraial do Cabo,0,BR,1581151003,86,-22.97,-42.03,75.9,15.05
158,Lompoc,90,US,1581151005,100,34.64,-120.46,48.0,3.36
159,Pevek,100,RU,1581151006,99,69.7,170.31,-26.09,2.44
160,Honiara,90,SB,1581151007,88,-9.43,159.95,78.8,9.17
161,Saint-Philippe,28,RE,1581151008,58,-21.36,55.77,84.2,20.8
162,Porto Empedocle,5,IT,1581151010,76,37.29,13.53,51.01,1.12
163,Verkhniy Lomov,100,RU,1581151011,94,53.47,43.55,5.38,9.84
164,Mayo,1,US,1581151012,69,38.89,-76.51,35.01,10.29
165,Barrow,20,US,1581151014,96,71.29,-156.79,-29.2,6.93
166,Solnechnyy,85,RU,1581151015,97,50.72,136.63,-11.74,1.95
167,Tasiilaq,100,GL,1581151016,59,65.61,-37.64,37.4,40.26
168,Fort Nelson,5,CA,1581151018,84,58.81,-122.7,5.0,1.99
169,Sao Filipe,100,CV,1581151019,49,14.9,-24.5,73.76,22.15
170,Labuhan,89,ID,1581151020,76,-6.88,112.21,83.21,3.02
171,Bom Jesus,100,BR,1581151022,91,-9.07,-44.36,70.41,2.91
172,Tafalla,40,ES,1581151023,100,42.53,-1.67,39.99,2.24
173,Zlobin,0,HR,1581151024,42,45.29,14.65,48.2,3.36
174,Volot,84,RU,1581151026,88,57.93,30.7,27.72,4.18
175,Yellowknife,90,CA,1581150858,83,62.46,-114.35,-4.0,3.36
176,Kristiansund,100,NO,1581151028,60,63.11,7.73,42.8,11.41
177,Waipawa,100,NZ,1581151030,81,-41.41,175.52,55.0,23.04
178,Yichang,78,CN,1581150962,49,30.71,111.28,55.24,5.01
179,Bethel,1,US,1581150856,58,41.37,-73.41,32.0,9.17
180,Mar del Plata,90,AR,1581150789,82,-38.0,-57.56,64.99,6.93
181,Kamenka,77,RU,1581151035,83,51.32,42.77,16.0,11.01
182,Hofn,100,IS,1581151037,66,64.25,-15.21,41.11,16.42
183,Thayetmyo,12,MM,1581151038,18,19.32,95.18,95.88,2.86
184,Bambous Virieux,40,MU,1581151039,66,-20.34,57.76,84.99,9.17
185,Chiredzi,100,ZW,1581151041,49,-21.05,31.67,92.75,0.85
186,Aripuana,100,BR,1581151042,99,-9.17,-60.63,69.82,0.83
187,Baisha,100,CN,1581151043,95,26.52,110.93,38.77,3.44
188,Deputatsky,90,RU,1581151045,100,69.3,139.9,-44.01,2.26
189,Oktyabrskiy,100,RU,1581151046,94,54.48,53.47,5.65,8.03
190,Mizan Teferi,93,ET,1581151047,30,6.98,35.58,89.02,3.11
191,Fairbanks,90,US,1581150932,92,64.84,-147.72,7.0,3.74
192,New Norfolk,75,AU,1581151050,63,-42.78,147.06,61.0,8.05
193,Worcester,20,US,1581151052,67,42.33,-71.83,26.01,20.8
194,Dikson,100,RU,1581151053,96,73.51,80.55,-4.09,15.95
195,Dongargaon,63,IN,1581151055,71,20.97,80.85,67.86,10.94
196,Mount Gambier,0,AU,1581151056,54,-37.83,140.77,80.6,16.11
197,Camargo,0,MX,1581151058,29,27.67,-105.17,53.06,4.34
198,Chalus,20,IR,1581151059,9,36.66,51.42,86.0,31.09
199,Walvis Bay,90,NA,1581151060,93,-22.96,14.51,66.0,1.12
200,Avera,1,US,1581151061,68,33.19,-82.53,34.0,3.62
201,Kahului,1,US,1581151063,82,20.89,-156.47,62.01,5.82
202,Constitucion,0,CL,1581151064,54,-35.33,-72.42,57.76,4.97
203,Dunedin,69,NZ,1581151066,67,-45.87,170.5,48.99,3.0
204,Shelburne,90,CA,1581151067,71,44.08,-80.2,12.99,2.24
205,Saurimo,75,AO,1581151068,78,-9.66,20.39,71.6,5.82
206,Portland,40,US,1581150969,75,45.52,-122.68,45.0,9.17
207,Huallanca,90,PE,1581151071,92,-9.9,-76.94,37.81,2.24
208,Sterling,1,US,1581151072,63,39.01,-77.43,34.0,6.93
209,La Ronge,90,CA,1581151074,84,55.1,-105.28,1.4,0.87
210,Campoverde,40,PE,1581150918,88,-8.48,-74.81,77.0,3.36
211,Provideniya,0,RU,1581151076,89,64.38,-173.3,-22.5,11.92
212,Soure,100,BR,1581151078,93,-0.72,-48.52,74.98,5.97
213,Orocue,98,CO,1581151080,57,4.79,-71.34,78.24,6.46
214,Jambi,89,ID,1581151081,55,-1.6,103.62,87.37,2.53
215,Chui,97,UY,1581151083,96,-33.7,-53.46,71.85,2.89
216,Kamyzyak,75,RU,1581151084,74,46.11,48.07,33.8,6.71
217,Broome,90,US,1581151086,85,42.25,-75.83,21.0,10.29
218,Gamba,100,GA,1581151087,86,-2.65,10.0,79.16,4.5
219,Valparaiso,0,CL,1581150788,87,-33.04,-71.63,53.6,4.7
220,Vila Velha,75,BR,1581151090,94,-20.33,-40.29,75.2,2.21
221,Dzerzhinsk,90,RU,1581151091,84,56.24,43.46,10.99,6.71
222,Upata,5,VE,1581151092,97,8.01,-62.4,65.71,2.84
223,Pontianak,98,ID,1581150869,60,-0.03,109.33,87.31,6.26
224,Xiaoshi,36,CN,1581151095,36,41.3,124.12,28.4,4.47
225,Mossamedes,100,AO,1581151097,83,-15.2,12.15,75.79,5.97
226,North Bend,20,US,1581151098,76,43.41,-124.22,48.99,6.6
227,Ust'-Ishim,100,RU,1581151100,93,57.69,71.17,19.44,7.0
228,Izoplit,0,RU,1581151101,86,56.63,36.22,18.27,4.29
229,Codrington,0,AU,1581151103,83,-38.27,141.97,65.97,33.71
230,Olinda,40,BR,1581151104,74,-8.01,-34.86,82.4,4.7
231,Adrar,100,MR,1581151106,12,20.5,-10.07,67.57,12.28
232,Winona,90,US,1581151107,85,43.97,-91.77,23.0,8.05
233,Katsuura,75,JP,1581151108,37,35.13,140.3,52.0,16.11
234,Yuncheng,77,CN,1581151109,39,35.02,110.99,50.77,6.26
235,Hasaki,20,JP,1581151111,49,35.73,140.83,48.2,6.93
236,Marystown,100,CA,1581151112,83,47.17,-55.15,37.29,41.81
237,Colares,75,PT,1581151114,87,38.8,-9.45,55.0,2.24
238,Kaitangata,99,NZ,1581151115,67,-46.28,169.85,48.99,4.0
239,Banda Aceh,99,ID,1581151116,60,5.56,95.32,83.8,6.67
240,Mysliborz,0,PL,1581151118,93,52.92,14.87,41.0,13.6
241,Umm Lajj,0,SA,1581151119,38,25.02,37.27,67.68,13.58
242,Melville,1,US,1581151120,52,40.79,-73.42,32.0,10.29
243,Vanavara,99,RU,1581151122,94,60.34,102.28,11.32,5.5
244,Ugoofaaru,100,MV,1581151123,74,5.67,73.0,81.86,3.91
245,Saint George,1,US,1581151079,48,37.1,-113.58,42.8,6.93
246,Naze,75,JP,1581151125,58,28.37,129.48,59.0,16.11
247,Kango,100,GA,1581151127,87,0.19,10.1,79.2,3.18
248,Havre-Saint-Pierre,90,CA,1581151128,60,50.23,-63.6,8.6,17.22
249,Isangel,100,VU,1581151129,84,-19.55,169.27,80.11,18.88
250,Marsabit,46,KE,1581151131,49,2.33,37.99,81.03,20.22
251,Pacifica,90,US,1581151132,93,37.61,-122.49,51.01,3.36
252,Padang,100,ID,1581151134,95,-0.95,100.35,71.02,2.3
253,Aviles,75,ES,1581150844,93,43.55,-5.92,51.01,5.82
254,Kamaishi,75,JP,1581151136,63,39.27,141.88,28.4,4.7
255,Pokhara,15,NP,1581151138,32,28.23,83.98,65.43,9.48
256,Meulaboh,100,ID,1581151139,80,4.14,96.13,82.18,11.1
257,Luderitz,0,NA,1581151140,68,-26.65,15.16,69.8,8.05
258,Jamkhandi,87,IN,1581151141,19,16.52,75.3,85.57,6.35
259,Sao Paulo de Olivenca,90,BR,1581151143,93,-3.38,-68.87,72.61,1.97
260,Vao,38,NC,1581151144,83,-22.67,167.48,80.28,17.0
261,Lavrentiya,98,RU,1581151146,91,65.58,-171.0,-21.33,4.29
262,Kavieng,100,PG,1581151147,80,-2.57,150.8,80.13,13.76
263,Verkhnyaya Inta,100,RU,1581151148,96,65.98,60.31,-2.18,10.13
264,Port Lincoln,0,AU,1581151150,63,-34.73,135.87,74.89,11.1
265,Calama,56,CL,1581151151,45,-22.47,-68.93,44.6,19.46
266,Juegang,72,CN,1581151152,69,32.32,121.19,42.42,9.78
267,Impfondo,66,CG,1581151154,24,1.64,18.07,97.52,3.53
268,Saint Anthony,40,US,1581151155,78,45.02,-93.22,14.0,3.36
269,Ust'-Kulom,76,RU,1581151157,94,61.69,53.69,0.1,4.81
270,Vardo,100,NO,1581151158,93,70.37,31.11,38.3,17.65
271,Buala,100,SB,1581151159,81,-8.14,159.59,81.18,9.84
272,Vedasandur,50,IN,1581151161,43,10.53,77.95,87.19,5.91
273,Kalmunai,95,LK,1581151162,60,7.42,81.82,80.24,8.01
274,Imbituba,75,BR,1581151163,100,-28.24,-48.67,75.2,3.36
275,Buraidah,0,SA,1581151165,37,26.33,43.98,66.2,13.87
276,Ruidoso,1,US,1581151166,51,33.33,-105.67,45.0,12.75
277,Camana,94,PE,1581151167,92,-16.62,-72.71,63.93,4.07
278,Puerto Ayacucho,86,VE,1581151169,74,5.66,-67.62,71.47,2.04
279,Sechura,100,PE,1581151170,88,-5.56,-80.82,73.18,5.48
280,Turan,75,VN,1581151171,69,16.07,108.22,80.6,10.29
281,Biak,80,ID,1581151172,67,-0.91,122.88,86.61,6.6
282,Kungurtug,96,RU,1581151174,84,50.6,97.52,24.01,0.98
283,Port Macquarie,90,AU,1581151175,94,-31.43,152.92,73.4,10.29
284,Ilulissat,100,GL,1581151176,65,69.22,-51.1,8.6,5.82
285,Mahebourg,40,MU,1581151178,66,-20.41,57.7,84.99,9.17
286,Haines Junction,97,CA,1581151179,97,60.75,-137.51,9.36,5.84
287,Honningsvag,100,NO,1581151180,89,70.98,25.97,41.77,25.61
288,Kirkwood,90,US,1581151182,74,38.58,-90.41,32.0,13.87
289,Klaksvik,100,FO,1581151183,75,62.23,-6.59,41.0,5.82
290,Chieti,0,IT,1581151185,64,42.36,14.14,52.0,6.93
291,Pangody,100,RU,1581151186,95,65.85,74.49,-5.19,7.78
292,Saint-Augustin,100,CA,1581151187,94,51.23,-58.65,8.76,27.56
293,Okha,0,RU,1581151189,92,53.57,142.95,-7.46,16.82
294,Pala,3,TD,1581151190,9,9.36,14.9,84.31,11.23
295,Kavaratti,53,IN,1581151191,72,10.57,72.64,80.37,12.77
296,Camiri,44,BO,1581151193,97,-20.05,-63.52,65.14,2.66
297,Rosarito,90,MX,1581151057,87,32.33,-117.03,57.99,1.86
298,Nuoro,75,IT,1581151195,39,40.32,9.33,55.0,10.29
299,Nuuk,100,GL,1581151197,56,64.18,-51.72,15.8,16.11
300,Iquitos,90,PE,1581151198,94,-3.75,-73.25,75.2,0.09
301,Oxapampa,78,PE,1581151199,98,-10.58,-75.4,54.45,0.58
302,Ushtobe,100,KZ,1581151200,93,45.25,77.98,38.86,4.68
303,Morrope,90,PE,1581151202,88,-6.54,-80.01,71.6,12.75
304,Pimentel,90,PE,1581151203,88,-6.84,-79.93,71.6,12.75
305,Columbus,90,US,1581150942,92,39.96,-83.0,30.0,6.93
306,Pisco,100,PE,1581151206,78,-13.7,-76.22,71.6,5.82
307,Iberia,90,US,1581151207,87,29.95,-91.75,55.4,4.7
308,Jalu,0,LY,1581151208,49,29.03,21.55,57.16,8.97
309,Port Blair,0,IN,1581151210,73,11.67,92.75,79.81,10.16
310,Covington,90,US,1581151002,86,39.08,-84.51,30.2,6.93
311,Erdenet,67,MN,1581151212,83,49.03,104.08,17.44,4.16
312,Sitka,75,US,1581151213,69,57.05,-135.33,33.8,4.7
313,Hamilton,90,US,1581150956,86,39.18,-84.53,30.2,6.93
314,Sita Road,0,PK,1581151216,11,27.03,67.85,78.98,0.29
315,Turukhansk,100,RU,1581151217,97,65.82,87.98,-4.16,6.53
316,Santa Pola,20,ES,1581151219,87,38.19,-0.57,55.0,5.82
317,Samsun,75,TR,1581151220,86,41.25,36.33,33.8,31.09
318,Rio Grande,80,BR,1581151221,89,-32.03,-52.1,77.0,11.07
319,Sabang,98,ID,1581151223,76,5.89,95.32,82.09,13.02
320,Feijo,64,BR,1581151224,87,-8.16,-70.35,70.09,1.66
321,Sri Aman,75,MY,1581151182,55,1.24,111.46,91.4,2.24
322,Ayan,0,RU,1581151227,72,56.45,138.17,-16.67,3.33
323,Lahaina,1,US,1581151036,82,20.88,-156.68,64.4,5.82
324,Chapais,1,CA,1581151229,75,49.78,-74.85,-18.4,5.82
325,Sarh,32,TD,1581151230,20,9.14,18.39,84.2,4.7
326,Alofi,90,NU,1581151232,100,-19.06,-169.92,77.0,10.29
327,Kuopio,90,FI,1581151233,100,62.88,27.67,24.8,5.82
328,Kansanshi,98,ZM,1581151235,88,-12.1,26.43,72.27,5.12
329,Mitsamiouli,14,KM,1581151237,68,-11.38,43.28,84.79,10.29
330,Preobrazheniye,0,RU,1581151238,51,42.9,133.91,9.68,6.6
331,Hualmay,77,PE,1581151239,83,-11.1,-77.61,69.44,2.1
332,Alta Floresta,100,BR,1581151240,99,-9.88,-56.09,69.12,4.16
333,Esperance,23,AU,1581151242,11,-33.87,121.9,104.0,17.22
334,Noyabrsk,100,RU,1581151243,93,63.2,75.45,-4.97,4.47
335,Nong Han,0,TH,1581151244,33,17.36,103.11,89.6,5.82
336,Mabaruma,71,GY,1581151246,98,8.2,-59.78,69.49,1.05
337,Nouadhibou,83,MR,1581151247,77,20.93,-17.03,62.6,17.22
338,Tarauaca,80,BR,1581151248,93,-8.16,-70.77,69.31,2.06
339,Avanuorri,75,NO,1581151250,93,71.0,24.66,39.2,35.57
340,Tahe,99,CN,1581151251,96,52.33,124.73,2.7,1.23
341,Hattiesburg,20,US,1581151252,65,31.33,-89.29,46.99,6.93
342,Gondanglegi,64,ID,1581151254,80,-7.75,112.01,80.46,4.65
343,Celestun,37,MX,1581151255,78,20.87,-90.4,70.75,18.28
344,Touros,20,BR,1581151257,94,-5.2,-35.46,73.4,4.7
345,Birao,0,CF,1581151258,10,10.28,22.79,90.41,20.45
346,Likasi,84,CD,1581151259,87,-10.98,26.73,72.07,4.34
347,Santa Cruz de la Sierra,75,BO,1581151077,94,-17.8,-63.17,77.0,9.17
348,Santa Cruz del Norte,20,CU,1581151262,100,23.15,-81.92,71.6,4.7
349,Talnakh,40,RU,1581151263,83,69.49,88.4,-5.8,20.13
350,Cap Malheureux,40,MU,1581151265,66,-19.98,57.61,84.99,9.17
351,Mahibadhoo,0,MV,1581151266,70,3.78,72.97,82.06,6.2
352,Kumluca,0,TR,1581151267,31,36.37,30.29,45.12,6.85
353,Manay,86,PH,1581151269,80,7.21,126.54,80.4,19.71
354,Sulangan,0,PH,1581151270,75,11.14,123.72,81.55,3.67
355,Ocean City,1,US,1581151271,55,39.28,-74.57,37.0,8.05
356,Kopervik,90,NO,1581151272,75,59.28,5.31,45.0,27.51
357,Kodiak,90,US,1581151014,80,57.79,-152.41,35.6,18.34
358,Magistralnyy,93,RU,1581151275,94,56.17,107.45,18.59,2.01
359,Adamovka,92,RU,1581151276,95,51.52,59.94,24.58,12.08
360,Ancud,0,CL,1581151278,93,-41.87,-73.82,44.6,4.7
361,Quatre Cocos,40,MU,1581151279,66,-20.21,57.76,84.99,9.17
362,Souillac,40,MU,1581151280,66,-20.52,57.52,84.99,9.17
363,Tandil,10,AR,1581151282,84,-37.32,-59.13,61.0,5.99
364,Beloha,0,MG,1581151283,16,-25.17,45.05,100.81,2.53
365,Sur,5,OM,1581151284,35,22.57,59.53,74.86,9.62
366,Zarubino,0,RU,1581151286,48,42.63,131.09,21.11,12.3
367,Hobyo,18,SO,1581151287,42,5.35,48.53,85.91,20.67
368,Ongandjera,0,NA,1581151288,36,-17.88,15.07,81.9,7.83
369,Mayumba,100,GA,1581151290,83,-3.43,10.66,81.09,12.21
370,Mehamn,100,NO,1581151291,96,71.04,27.85,37.89,25.32
371,Ha Giang,100,VN,1581151293,98,22.83,104.98,58.01,4.9
372,Gonen,75,TR,1581151294,84,40.1,27.65,32.0,17.22
373,Kaseda,20,JP,1581151295,52,31.42,130.32,46.4,13.87
374,Bakchar,100,RU,1581151297,97,57.02,82.07,32.14,12.03
375,San Andres,20,CO,1581151154,78,12.58,-81.7,80.6,12.75
376,Laas,5,IT,1581151299,85,46.62,10.7,39.99,4.7
377,Kidal,0,ML,1581151300,17,18.44,1.41,71.1,20.42
378,Whitehorse,90,CA,1581151302,84,60.72,-135.05,8.6,3.36
379,Kieta,93,PG,1581151303,76,-6.22,155.63,82.67,7.61
380,Narsaq,91,GL,1581151304,52,60.92,-46.05,17.6,3.36
381,Puerto Escondido,56,MX,1581151306,89,15.85,-97.07,69.28,2.8
382,Lisakovsk,98,KZ,1581151264,93,52.54,62.49,21.06,10.25
383,Coyhaique,84,CL,1581151308,93,-45.58,-72.07,41.0,2.24
384,Suining,100,CN,1581151310,42,30.51,105.57,59.88,6.13
385,Port Hardy,75,CA,1581151311,93,50.7,-127.42,39.2,13.87
386,Nalut,84,LY,1581151312,38,30.33,10.85,51.12,9.17
387,Sola,100,VU,1581151314,82,-13.88,167.55,83.17,23.85
388,Coquimbo,75,CL,1581151315,93,-29.95,-71.34,57.2,2.24
389,Marsh Harbour,100,BS,1581151316,64,26.54,-77.06,71.4,11.88
390,Coachella,1,US,1581151318,70,33.68,-116.17,53.6,4.7
391,Dinguiraye,0,GN,1581151319,13,11.3,-10.72,74.48,2.39
392,Markapur,35,IN,1581151320,38,15.73,79.28,87.33,11.86
393,Dubuque,90,US,1581151322,92,42.48,-90.87,24.8,8.05
394,Chuncheng,48,CN,1581151323,64,22.17,111.79,66.99,10.2
395,Mogadishu,40,SO,1581151051,65,2.04,45.34,82.4,18.34
396,Ahipara,100,NZ,1581151326,93,-35.17,173.17,68.0,14.65
397,Guane,100,CU,1581151327,86,22.2,-84.09,71.65,13.73
398,El Dorado,1,US,1581151104,100,33.21,-92.67,37.4,6.93
399,Yangi Marg`ilon,93,UZ,1581151330,32,40.43,71.72,53.6,2.24
400,The Valley,20,AI,1581151331,73,18.22,-63.06,77.0,16.11
401,Novo Aripuana,100,BR,1581151332,94,-5.12,-60.38,71.51,2.19
402,Henties Bay,27,NA,1581151333,83,-22.12,14.28,66.0,4.0
403,Tilichiki,0,RU,1581151335,89,60.47,166.1,-30.46,9.75
404,Westport,1,US,1581151266,54,41.14,-73.36,32.0,12.75
405,Oistins,20,BB,1581151338,73,13.07,-59.53,77.0,17.22
406,Taikang,15,CN,1581151339,93,46.83,124.42,3.11,9.42
407,Tuatapere,89,NZ,1581151340,70,-46.13,167.68,51.01,15.01
408,Khanpur,0,PK,1581151342,14,28.65,70.66,75.99,5.55
409,Cockburn Town,36,TC,1581151212,81,21.46,-71.14,78.98,18.95
410,Tukrah,99,LY,1581151345,59,32.53,20.58,55.69,10.31
411,Mendeleyevo,20,RU,1581151346,78,56.03,37.22,14.0,4.47
412,Mina,5,MX,1581151347,76,26.0,-100.53,60.01,3.38
413,Nianzishan,30,CN,1581151348,89,47.52,122.88,3.45,6.82
414,Longyearbyen,75,SJ,1581151350,85,78.22,15.64,23.0,11.41
415,Mweka,100,CD,1581151351,79,-4.85,21.57,77.86,4.25
416,Bayan,13,CN,1581151352,93,46.08,127.4,-2.15,4.83
417,San Bartolome de Tirajana,40,ES,1581151354,68,27.92,-15.57,64.4,18.34
418,Fatwa,20,IN,1581151355,27,25.52,85.32,73.4,8.05
419,Kargat,100,RU,1581151356,86,55.2,80.28,34.52,23.78
420,Perth,20,AU,1581151349,57,-31.93,115.83,82.4,17.22
421,Batticaloa,67,LK,1581151359,53,7.71,81.69,83.98,8.7
422,Fare,100,PF,1581151360,82,-16.7,-151.02,82.29,21.65
423,San Angelo,1,US,1581151362,74,31.46,-100.44,37.99,5.82
424,Bara,32,NG,1581151363,13,10.37,10.73,81.75,13.76
425,Vostok,100,RU,1581151364,99,46.49,135.88,-8.27,3.91
426,Cabo San Lucas,73,MX,1581151069,81,22.89,-109.91,60.01,2.82
427,Trelew,1,AR,1581151304,97,-43.25,-65.31,46.83,1.92
428,Hartselle,75,US,1581151368,74,34.44,-86.94,37.99,5.82
429,Keetmanshoop,0,NA,1581151369,22,-26.58,18.13,77.0,6.93
430,Ferrol,40,ES,1581151371,100,43.48,-8.24,52.0,4.7
431,Bouca,6,CF,1581151372,12,6.51,18.27,94.5,9.35
432,Roebourne,100,AU,1581151373,90,-20.78,117.13,76.95,75.36
433,Sistranda,100,NO,1581151375,70,63.73,8.83,43.0,23.04
434,La Rioja,90,ES,1581151376,100,42.25,-2.5,39.2,1.12
435,Oranjemund,4,NA,1581151377,60,-28.55,16.43,71.11,8.86
436,Esim,67,GH,1581151379,68,4.87,-2.24,84.43,4.83
437,Frederico Westphalen,99,BR,1581151380,96,-27.36,-53.39,70.0,5.03
438,Minsk,75,BY,1581151231,92,53.9,27.57,26.6,8.95
439,Lerici,40,IT,1581151382,100,44.08,9.91,48.99,8.05
440,Ust-Kuyga,0,RU,1581151384,90,70.02,135.6,-32.76,7.9
441,Acapulco de Juarez,75,MX,1581151385,73,16.86,-99.89,73.4,3.04
442,Ekenaes,10,FI,1581151386,99,59.97,23.43,32.0,6.69
443,Ust'-Kalmanka,100,RU,1581151388,67,52.12,83.31,40.64,18.12
444,Nemuro,20,JP,1581151389,61,43.32,145.57,14.0,6.93
445,Borken,100,DE,1581151390,75,51.85,6.87,45.0,10.29
446,Chadiza,100,ZM,1581151392,87,-14.07,32.44,71.15,6.8
447,Waingapu,93,ID,1581151393,77,-9.66,120.26,84.36,18.81
448,Maloyaroslavets,0,RU,1581151395,78,55.01,36.47,12.2,2.24
449,Tiznit,0,MA,1581151396,59,29.58,-9.5,57.25,1.79
450,Buenos Aires,75,AR,1581151107,88,-34.61,-58.38,71.6,9.17
451,Nau,16,TJ,1581151399,25,40.15,69.37,53.6,26.84
452,Oddur,96,SO,1581151400,29,4.12,43.89,88.34,22.26
453,Yulara,19,AU,1581151402,8,-25.24,130.99,104.0,12.75
454,Terrasini,0,IT,1581151403,41,38.15,13.08,50.0,2.24
455,Alihe,100,CN,1581151405,87,50.57,123.72,6.08,3.87
456,Berlevag,100,NO,1581151406,93,70.86,29.09,40.17,23.78
457,Jacareacanga,100,BR,1581151407,99,-6.22,-57.75,70.75,2.46
458,Boende,23,CD,1581151409,45,-0.22,20.87,93.78,0.81
459,Laguna,1,US,1581151410,81,38.42,-121.42,48.99,5.5
460,Aseri,100,EE,1581151411,91,59.45,26.87,34.12,5.19
461,Dangara,0,IN,1581151413,36,29.68,75.89,68.34,6.93
462,Parakan,80,ID,1581151414,91,-6.42,106.01,78.6,2.95
463,Ambon,20,ID,1581151415,55,-3.7,128.18,91.4,11.41
464,Bandarbeyla,20,SO,1581151417,73,9.49,50.81,75.97,15.03
465,Shenjiamen,100,CN,1581151418,71,29.96,122.3,46.29,18.9
466,Manado,75,ID,1581151419,83,1.49,124.85,82.4,8.05
467,Carutapera,100,BR,1581151421,85,-1.2,-46.02,78.62,15.52
468,Abu Samrah,31,SY,1581151422,52,35.3,37.18,49.37,31.45
469,Nioro,0,GM,1581151423,9,13.35,-15.75,76.66,13.91
470,Leshukonskoye,97,RU,1581151425,95,64.9,45.76,10.11,1.88
471,Sao Miguel do Araguaia,100,BR,1581151426,98,-13.28,-50.16,69.67,5.44
472,Antofagasta,20,CL,1581151427,82,-23.65,-70.4,64.4,4.7
473,Devrek,100,TR,1581151429,88,41.22,31.96,21.49,10.6
474,Tikrit,0,IQ,1581151430,44,34.61,43.68,59.23,19.95
475,Filingue,3,NE,1581151431,17,14.35,3.32,75.47,18.9
476,Siniscola,69,IT,1581151433,38,40.57,9.69,48.25,2.89
477,Preston,9,GB,1581151313,81,53.77,-2.72,44.01,16.11
478,Assiut,0,EG,1581151435,35,27.18,31.18,46.4,12.75
479,Bud,90,US,1581151436,86,39.45,-86.18,30.99,8.05
480,Hays,1,US,1581151438,60,30.05,-98.03,51.01,5.82
481,Chernyshevskiy,99,RU,1581151439,92,63.01,112.47,16.09,9.48
482,Pemangkat,99,ID,1581151440,81,1.17,108.97,82.08,9.98
483,Kochkurovo,70,RU,1581151442,92,54.04,45.42,4.19,10.07
484,Olafsvik,4,IS,1581151443,79,64.89,-23.71,35.67,28.86
485,Yongchang,93,CN,1581151444,70,30.04,119.73,46.0,3.0
486,Pangai,66,TO,1581151446,78,-19.8,-174.35,81.3,22.08
487,Emerald,40,AU,1581151447,52,-23.53,148.17,89.6,4.7
488,San Felipe,80,VE,1581151448,95,10.34,-68.74,70.12,2.73
489,Myslenice,0,PL,1581151450,79,49.83,19.94,33.01,2.24
490,Baykit,99,RU,1581151451,95,61.67,96.37,8.51,3.22
491,Port Moresby,40,PG,1581151363,83,-9.44,147.18,80.6,11.41
492,Salinopolis,100,BR,1581151454,87,-0.61,-47.36,78.37,13.91
493,Flinders,90,AU,1581151455,100,-34.58,150.86,71.01,18.34
494,Trairi,87,BR,1581151456,97,-3.28,-39.27,72.52,2.89
495,Mega,82,ET,1581151457,26,4.05,38.3,81.05,19.71
496,Sinjai,100,ID,1581151459,70,-5.12,120.25,83.03,1.77
497,'Ahuimanu,75,US,1581151460,100,21.44,-157.84,66.2,5.82
498,Mahajanga,20,MG,1581151461,59,-15.72,46.32,89.6,5.82
499,Lixouri,20,GR,1581151463,57,38.2,20.43,51.8,5.82
500,Troitsko-Pechorsk,9,RU,1581151464,92,62.71,56.2,0.52,3.38
501,Zolotkovo,0,RU,1581151465,87,55.53,41.11,9.54,4.47
502,Xining,100,CN,1581151467,35,36.62,101.77,32.09,1.39
503,Tataouine,30,TN,1581151468,36,32.93,10.45,48.2,4.7
504,Maniitsoq,100,GL,1581151469,78,65.42,-52.9,10.38,13.49
505,Rawson,29,AR,1581151471,80,-43.3,-65.1,58.69,1.66
506,Tazovsky,100,RU,1581151472,95,67.47,78.7,-5.46,10.89
507,Taltal,8,CL,1581151473,91,-25.4,-70.48,55.69,0.49
508,Greytown,79,ZA,1581151474,61,-29.06,30.59,77.47,4.21
509,Kyra,69,RU,1581151476,86,49.58,111.98,11.01,4.16
510,Pingzhuang,0,CN,1581151477,72,42.04,119.29,18.03,5.12
511,Muriwai Beach,100,NZ,1581151478,68,-36.82,174.45,64.4,17.22
512,Kirensk,100,RU,1581151480,92,57.79,108.11,17.76,4.56
513,Villa Carlos Paz,40,AR,1581151481,94,-31.42,-64.5,70.0,4.7
514,Rome,1,US,1581151353,84,43.21,-75.46,19.0,5.82
515,Baiyin,100,CN,1581151484,18,36.56,104.21,39.2,4.47
516,Taoudenni,100,ML,1581151485,10,22.68,-3.98,65.86,12.37
517,Radzyn Podlaski,5,PL,1581151486,79,51.78,22.62,32.0,8.05
518,Kremenchuk,97,UA,1581151488,70,49.1,33.42,21.65,11.3
519,Yar-Sale,41,RU,1581151489,82,66.83,70.83,-8.34,6.76
520,Annau,0,TM,1581151490,16,37.89,58.52,77.0,4.7
521,Taraz,3,KZ,1581151491,8,42.9,71.37,68.0,4.47
522,Cooma,100,AU,1581151493,87,-36.23,149.13,60.8,13.87
523,Narasannapeta,86,IN,1581151494,66,18.42,84.05,79.36,10.96
524,Margate,75,GB,1581151495,93,51.38,1.39,48.99,6.93
525,Qasigiannguit,100,GL,1581151497,65,68.82,-51.19,8.6,5.82
526,Meadow Lake,1,US,1581151498,64,34.8,-106.54,41.0,3.36
527,Rio Gallegos,0,AR,1581151499,81,-51.62,-69.22,46.4,2.24
528,Urumqi,56,CN,1581151501,73,43.8,87.6,23.0,4.47
529,San Patricio,79,MX,1581151502,75,19.22,-104.7,74.75,8.68
530,Tocopilla,7,CL,1581151503,51,-22.09,-70.2,56.01,3.65
531,San Lorenzo,0,PY,1581151504,100,-25.33,-57.53,75.2,3.36
532,Garmsar,0,IR,1581151506,27,35.22,52.34,66.38,8.57
533,Port-Gentil,90,GA,1581151507,83,-0.72,8.78,84.2,11.41
534,Achutupo,91,PA,1581151508,93,9.2,-77.98,73.31,4.41
535,Santa Helena,100,BR,1581151510,97,-2.23,-45.3,73.22,3.18
536,Krasne,96,UA,1581151511,92,49.91,24.61,21.2,4.47
537,Cabinda,75,AO,1581151512,88,-5.55,12.2,78.8,8.05
538,Mahanje,76,TZ,1581151514,73,-9.93,35.33,77.43,7.31
539,Williston,90,US,1581151515,100,48.15,-103.62,26.01,2.68
540,Upington,0,ZA,1581151516,45,-28.45,21.26,84.2,6.93
541,Tautira,75,PF,1581151518,69,-17.73,-149.15,80.6,3.36
542,Peruibe,36,BR,1581151287,85,-24.32,-47.0,78.08,10.27
543,Nar'yan-Mar,19,RU,1581151520,96,67.67,53.09,1.04,5.17
544,Bad Doberan,20,DE,1581151521,80,54.11,11.9,39.99,6.93
545,Kloulklubed,75,PW,1581151523,70,7.04,134.26,84.2,8.05
546,La Victoria,0,VE,1581151524,73,10.22,-67.33,75.2,8.05
547,Rybachiy,40,RU,1581151525,72,48.71,44.74,14.0,13.42
548,Bereket,0,TM,1581151527,21,39.24,55.52,69.13,7.58
549,Russell,90,US,1581151528,76,32.35,-85.2,35.6,2.82
550,Liwale,97,TZ,1581151529,79,-9.77,37.93,77.2,6.44
551,Ouango,96,CF,1581151531,34,4.31,22.56,80.15,2.01
552,Kondol,100,RU,1581151532,91,52.82,45.06,10.06,11.7
553,Gouloure,0,BF,1581151534,21,12.23,-1.93,71.6,6.93
554,Penzance,24,GB,1581151535,75,50.12,-5.54,48.2,16.11
555,Kandi,10,BJ,1581151536,10,11.13,2.94,79.93,9.71
